{"cameraMode":{"drawMode":0,"name":"Shaded","section":"Shading Mode"},"sceneLighting":false,"audioPlay":false,"sceneViewState":{"showFog":true,"showMaterialUpdate":false,"showSkybox":true,"showFlares":true,"showImageEffects":true,"showParticleSystems":true},"in2DMode":false,"pivot":{"x":-2.68705415725708,"y":2.337106227874756,"z":2.392392635345459},"rotation":{"x":0.006423373706638813,"y":0.9569437503814697,"z":0.021237945184111596,"w":-0.28942427039146426},"size":4.4231672286987309,"orthographic":false}